Workbook

Sheet Channel
J1: Channel Performance Summary
A3: Row Labels | B3: Sum of Logins | C3: Sum of Spend | D3: Sum of Revenue | E3: Sum of Conversions | F3: Yield% | G3: Channel ROI % | J3: Channel | K3: Logins | L3: Conversions | M3: Yield % | N3: Spend | O3: Revenue | P3: ROI % | Q3: Conversion Contribution %
A4: Email | B4: 25973 | C4: 93227.95 | D4: 1884377.9 | E4: 1581 | F4: =E4/B4 -> 0.060870904 | G4: =(D4-C4)/C4 -> 19.212585 | J4: =A4 -> Email | K4: =B4 -> 25973 | L4: =E4 -> 1581 | M4: =F4 -> 0.060870904 | N4: =C4 -> 93227.95 | O4: =D4 -> 1884377.9 | P4: =G4 -> 19.212585 | Q4: =L4/SUM($L$4:$L$7) -> 0.32517483
A5: RCS | B5: 29199 | C5: 121393.83 | D5: 1979683.5 | E5: 1751 | F5: =E5/B5 -> 0.059967807 | G5: =(D5-C5)/C5 -> 15.307941 | J5: =A5 -> RCS | K5: =B5 -> 29199 | L5: =E5 -> 1751 | M5: =F5 -> 0.059967807 | N5: =C5 -> 121393.83 | O5: =D5 -> 1979683.5 | P5: =G5 -> 15.307941 | Q5: =L5/SUM($L$4:$L$7) -> 0.36013986
A6: SMS | B6: 10349 | C6: 138965.35 | D6: 711695.92 | E6: 611 | F6: =E6/B6 -> 0.059039521 | G6: =(D6-C6)/C6 -> 4.1213912 | J6: =A6 -> SMS | K6: =B6 -> 10349 | L6: =E6 -> 611 | M6: =F6 -> 0.059039521 | N6: =C6 -> 138965.35 | O6: =D6 -> 711695.92 | P6: =G6 -> 4.1213912 | Q6: =L6/SUM($L$4:$L$7) -> 0.12566845
A7: WhatsApp | B7: 15787 | C7: 92875.51 | D7: 1053133.6 | E7: 919 | F7: =E7/B7 -> 0.058212453 | G7: =(D7-C7)/C7 -> 10.339196 | J7: =A7 -> WhatsApp | K7: =B7 -> 15787 | L7: =E7 -> 919 | M7: =F7 -> 0.058212453 | N7: =C7 -> 92875.51 | O7: =D7 -> 1053133.6 | P7: =G7 -> 10.339196 | Q7: =L7/SUM($L$4:$L$7) -> 0.18901687
A8: Grand Total | B8: 81308 | C8: 446462.64 | D8: 5628890.8 | E8: 4862

Sheet Fresh and Repeat
K1: Customer Type Performance Summary
A3: Customer Type | B3: Sum of Spend | C3: Sum of Logins | D3: Sum of Revenue | E3: Sum of Conversions | F3: Yield% | G3: Revenue Contribution % | H3: ROI% | K3: Customer Type | L3: Logins | M3: Conversions | N3: Yield % | O3: Spend | P3: Revenue | Q3: ROI % | R3: Revenue Contribution %
A4: Fresh | B4: 308401.98 | C4: 45372 | D4: 2633626.5 | E4: 2362 | F4: =E4/C4 -> 0.052058538 | G4: =D4/SUM($D$4:$D$5) -> 0.46787663 | H4: =(D4-B4)/B4 -> 7.5395901 | K4: Fresh | L4: =C4 -> 45372 | M4: =E4 -> 2362 | N4: =F4 -> 0.052058538 | O4: =B4 -> 308401.98 | P4: =D4 -> 2633626.5 | Q4: =H4 -> 7.5395901 | R4: =G4 -> 0.46787663
A5: Repeat | B5: 138060.66 | C5: 35936 | D5: 2995264.3 | E5: 2500 | F5: =E5/C5 -> 0.069568121 | G5: =D5/SUM($D$4:$D$5) -> 0.53212337 | H5: =(D5-B5)/B5 -> 20.695278 | K5: Repeat | L5: =C5 -> 35936 | M5: =E5 -> 2500 | N5: =F5 -> 0.069568121 | O5: =B5 -> 138060.66 | P5: =D5 -> 2995264.3 | Q5: =H5 -> 20.695278 | R5: =G5 -> 0.53212337
A6: Grand Total | B6: 446462.64 | C6: 81308 | D6: 5628890.8 | E6: 4862

Sheet Monthly Performance
H1: Monthly Performance Summary
A3: Row Labels | B3: Sum of Logins | C3: Sum of Spend | D3: Sum of Conversions | E3: Sum of Revenue | H3: Month | I3: Logins | J3: Conversions | K3: Yield % | L3: Spend | M3: Revenue | N3: ROI % | O3: Conversion Contribution %
A4: Jan | B4: 11935 | C4: 62484.93 | D4: 726 | E4: 845670.68 | H4: Jan | I4: =B4 -> 11935 | J4: =D4 -> 726 | K4: =J4/I4 -> 0.060829493 | L4: =C4 -> 62484.93 | M4: =E4 -> 845670.68 | N4: =(M4-L4)/L4 -> 12.533994 | O4: =J4/SUM($J$4:$J$11) -> 0.14932127
A5: Feb | B5: 8497 | C5: 46920.4 | D5: 521 | E5: 599468.42 | H5: Feb | I5: =B5 -> 8497 | J5: =D5 -> 521 | K5: =J5/I5 -> 0.061315759 | L5: =C5 -> 46920.4 | M5: =E5 -> 599468.42 | N5: =(M5-L5)/L5 -> 11.776285 | O5: =J5/SUM($J$4:$J$11) -> 0.10715755
A6: Mar | B6: 9287 | C6: 51124.83 | D6: 566 | E6: 654462.24 | H6: Mar | I6: =B6 -> 9287 | J6: =D6 -> 566 | K6: =J6/I6 -> 0.060945408 | L6: =C6 -> 51124.83 | M6: =E6 -> 654462.24 | N6: =(M6-L6)/L6 -> 11.80126 | O6: =J6/SUM($J$4:$J$11) -> 0.116413
A7: Apr | B7: 9998 | C7: 56135.48 | D7: 573 | E7: 641990.19 | H7: Apr | I7: =B7 -> 9998 | J7: =D7 -> 573 | K7: =J7/I7 -> 0.057311462 | L7: =C7 -> 56135.48 | M7: =E7 -> 641990.19 | N7: =(M7-L7)/L7 -> 10.436443 | O7: =J7/SUM($J$4:$J$11) -> 0.11785274
A8: May | B8: 9340 | C8: 47972.69 | D8: 578 | E8: 658972.85 | H8: May | I8: =B8 -> 9340 | J8: =D8 -> 578 | K8: =J8/I8 -> 0.061884368 | L8: =C8 -> 47972.69 | M8: =E8 -> 658972.85 | N8: =(M8-L8)/L8 -> 12.736416 | O8: =J8/SUM($J$4:$J$11) -> 0.11888112
A9: Jun | B9: 10259 | C9: 55342.88 | D9: 611 | E9: 710465.75 | H9: Jun | I9: =B9 -> 10259 | J9: =D9 -> 611 | K9: =J9/I9 -> 0.059557462 | L9: =C9 -> 55342.88 | M9: =E9 -> 710465.75 | N9: =(M9-L9)/L9 -> 11.837528 | O9: =J9/SUM($J$4:$J$11) -> 0.12566845
A10: Jul | B10: 9813 | C10: 58131.63 | D10: 581 | E10: 694600.58 | H10: Jul | I10: =B10 -> 9813 | J10: =D10 -> 581 | K10: =J10/I10 -> 0.059207174 | L10: =C10 -> 58131.63 | M10: =E10 -> 694600.58 | N10: =(M10-L10)/L10 -> 10.948755 | O10: =J10/SUM($J$4:$J$11) -> 0.11949815
A11: Aug | B11: 12179 | C11: 68349.8 | D11: 706 | E11: 823260.13 | H11: Aug | I11: =B11 -> 12179 | J11: =D11 -> 706 | K11: =J11/I11 -> 0.057968635 | L11: =C11 -> 68349.8 | M11: =E11 -> 823260.13 | N11: =(M11-L11)/L11 -> 11.044807 | O11: =J11/SUM($J$4:$J$11) -> 0.14520773
A12: Grand Total | B12: 81308 | C12: 446462.64 | D12: 4862 | E12: 5628890.8

Sheet Business Insights
B2: Key Business Insights
B4: 1. Customer Type Performance
B5: Repeat customers generated 2,500 conversions with a 6.96% yield, compared with 2,362 conversions and a 5.21% yield from Fresh customers. Repeat customers also generated ₹29.95 lakh in revenue versus ₹26.33 lakh from Fresh customers.
B7: 2. Channel Performance
B8: RCS generated the highest number of conversions at 1,751 (36.01% of total conversions), followed by Email with 1,581 conversions (32.52%). SMS generated 611 conversions (12.57%), while WhatsApp generated 919 conversions (18.90%).
B10: 3. Monthly Performance
B11: Monthly conversions ranged from 521 to 726. January recorded the highest conversions at 726, while August had the highest login volume at 12,179 and generated ₹8.23 lakh in revenue. Yield peaked at 6.19% in May and was lowest at 5.73% in April.
B14: Business Recommendations
B16: 1. Strengthen Repeat Customer Engagement
B17: Repeat customers generated 2,500 conversions at a 6.96% yield. Consider focused campaigns and engagement strategies for repeat customers to maintain their conversion contribution.
B19: 2. Optimize Channel Allocation
B20: RCS and Email together contributed 68.53% of total conversions. Review campaign performance across channels and evaluate opportunities to improve conversion contribution from WhatsApp and SMS.
... B23: Monthly yield ranged from 5.73% to 6.19%. Analyze the campaigns, customer mix, and channel performance during higher- and lower-yield months to identify factors associated with the variation.

Sheet Dashboard
B1: Campaign Performance Dashboard
B2: Total Logins | C2: ='Monthly Performance'!B12 -> 81308
B3: Total Conversions | C3: ='Monthly Performance'!D12 -> 4862
B4: Overall Yield | C4: ='Monthly Performance'!D12/'Monthly Performance'!B12 -> 0.059797314
B5: Total Spend | C5: ='Monthly Performance'!C12 -> 446462.64
B6: Total Revenue | C6: ='Monthly Performance'!E12 -> 5628890.8
B7: Overall ROI | C7: =('Monthly Performance'!E12-'Monthly Performance'!C12)/'Monthly Performance'!C12 -> 11.607753

Sheet Case Study
A1: Fintech Campaign Performance Analysis
A3: Business Problem
A4: The business runs customer acquisition and engagement campaigns across multiple channels and customer types. However, campaign performance can vary by channel, customer type, and month. This analysis aims to understand campaign performance, identify key conversion and yield patterns, and highlight opportunities for improving campaign effectiveness.
A6: Project Objective
A7: To analyze campaign performance across channels, customer types, and months using key metrics such as logins, conversions, yield, revenue, spend, and ROI. The analysis aims to identify performance patterns and generate actionable business recommendations.
A9: Data & KPI Framework
A10: The analysis uses campaign-level data covering multiple channels, customer types, and monthly periods. Key performance indicators include Sent, Delivered, Clicks, Logins, Conversions, Spend, Revenue, Delivery Rate, CTR, Login Rate, Yield, Conversion Rate, CPL, CPC, and ROI.
A12: Analysis Approach
A13: The analysis was performed using Excel through data quality checks, KPI calculations, pivot-based analysis, and dashboard visualizations. Campaign performance was evaluated across channels, customer types, and monthly periods to identify conversion, yield, revenue, and ROI patterns.
A16: Key Findings
A18: 1. Customer Type Performance
A19: Repeat customers generated 2,500 conversions with a 6.96% yield, compared with 2,362 conversions and a 5.21% yield from Fresh customers. Repeat customers also generated ₹29.95 lakh in revenue versus ₹26.33 lakh from Fresh customers.
... A41: The analysis provides a consolidated view of campaign performance across customer types, channels, and months. The findings highlight differences in conversion, yield, revenue, and ROI performance and provide data-driven areas for further optimization.

Sheet Raw_Data
A1: Campaign_Date | B1: Campaign_ID | C1: Customer_ID | D1: Channel | E1: Segment | F1: Customer_Type | G1: Region | H1: Age_Group | I1: Base_Size | J1: Sent | K1: Delivered | L1: Clicks | M1: Logins | N1: Conversions | O1: Spend | P1: Revenue | Q1: Delivery% | R1: CTR% | S1: Login Rate% | T1: Yield% | U1: Conversion Rate% | V1: CPL | W1: CPC | X1: ROI %
A2: 46023 | B2: CMP202601006 | C2: CUST100290 | D2: RCS | E2: Red Non-Saleable | F2: Fresh | G2: East | H2: 35-44 | I2: 1524 | J2: 1278 | K2: 1173 | L2: 34 | M2: 19 | N2: 0 | O2: 131.05 | P2: 0 | Q2: =K2/J2 -> 0.91784038 | R2: =L2/K2 -> 0.028985507 | S2: =M2/L2 -> 0.55882353 | T2: =N2/M2 -> 0 | U2: =N2/K2 -> 0 | V2: =O2/M2 -> 6.8973684 | W2: =O2/L2 -> 3.8544118 | X2: =(P2-O2)/O2 -> -1
A3: 46023 | B3: CMP202601010 | C3: CUST100326 | D3: RCS | E3: Red Saleable | F3: Repeat | G3: North | H3: 25-34 | I3: 1069 | J3: 1013 | K3: 907 | L3: 47 | M3: 29 | N3: 1 | O3: 116.09 | P3: 1257.37 | Q3: =K3/J3 -> 0.89536032 | R3: =L3/K3 -> 0.051819184 | S3: =M3/L3 -> 0.61702128 | T3: =N3/M3 -> 0.034482759 | U3: =N3/K3 -> 0.0011025358 | V3: =O3/M3 -> 4.0031034 | W3: =O3/L3 -> 2.47 | X3: =(P3-O3)/O3 -> 9.8309932
A4: 46023 | B4: CMP202601022 | C4: CUST101316 | D4: SMS | E4: Red Non-Saleable | F4: Fresh | G4: East | H4: 35-44 | I4: 2034 | J4: 1940 | K4: 1845 | L4: 19 | M4: 9 | N4: 0 | O4: 321.72 | P4: 0 | Q4: =K4/J4 -> 0.95103093 | R4: =L4/K4 -> 0.010298103 | S4: =M4/L4 -> 0.47368421 | T4: =N4/M4 -> 0 | U4: =N4/K4 -> 0 | V4: =O4/M4 -> 35.746667 | W4: =O4/L4 -> 16.932632 | X4: =(P4-O4)/O4 -> -1
A5: 46023 | B5: CMP202601048 | C5: CUST100789 | D5: Email | E5: Green | F5: Repeat | G5: South | H5: 45-54 | I5: 3247 | J5: 3008 | K5: 2806 | L5: 233 | M5: 150 | N5: 14 | O5: 275.22 | P5: 23331.79 | Q5: =K5/J5 -> 0.93284574 | R5: =L5/K5 -> 0.083036351 | S5: =M5/L5 -> 0.64377682 | T5: =N5/M5 -> 0.093333333 | U5: =N5/K5 -> 0.0049893086 | V5: =O5/M5 -> 1.8348 | W5: =O5/L5 -> 1.1812017 | X5: =(P5-O5)/O5 -> 83.775053
A6: 46024 | B6: CMP202601007 | C6: CUST100201 | D6: WhatsApp | E6: Red Saleable | F6: Repeat | G6: West | H6: 25-34 | I6: 3462 | J6: 3371 | K6: 3139 | L6: 145 | M6: 79 | N6: 3 | O6: 492.27 | P6: 3716.39 | Q6: =K6/J6 -> 0.93117769 | R6: =L6/K6 -> 0.046193055 | S6: =M6/L6 -> 0.54482759 | T6: =N6/M6 -> 0.037974684 | U6: =N6/K6 -> 0.00095571838 | V6: =O6/M6 -> 6.2312658 | W6: =O6/L6 -> 3.3949655 | X6: =(P6-O6)/O6 -> 6.5494952
A7: 46024 | B7: CMP202601016 | C7: CUST100386 | D7: Email | E7: Red Saleable | F7: Repeat | G7: East | H7: 45-54 | I7: 940 | J7: 790 | K7: 721 | L7: 31 | M7: 18 | N7: 1 | O7: 59.31 | P7: 760.13 | Q7: =K7/J7 -> 0.91265823 | R7: =L7/K7 -> 0.042995839 | S7: =M7/L7 -> 0.58064516 | T7: =N7/M7 -> 0.055555556 | U7: =N7/K7 -> 0.0013869626 | V7: =O7/M7 -> 3.295 | W7: =O7/L7 -> 1.9132258 | X7: =(P7-O7)/O7 -> 11.81622
A8: 46024 | B8: CMP202601024 | C8: CUST100024 | D8: Email | E8: Red Saleable | F8: Repeat | G8: East | H8: 25-34 | I8: 4146 | J8: 3732 | K8: 3627 | L8: 116 | M8: 66 | N8: 4 | O8: 354.22 | P8: 5936.89 | Q8: =K8/J8 -> 0.97186495 | R8: =L8/K8 -> 0.031982355 | S8: =M8/L8 -> 0.56896552 | T8: =N8/M8 -> 0.060606061 | U8: =N8/K8 -> 0.0011028398 | V8: =O8/M8 -> 5.3669697 | W8: =O8/L8 -> 3.0536207 | X8: =(P8-O8)/O8 -> 15.76046
A9: 46024 | B9: CMP202601036 | C9: CUST100383 | D9: WhatsApp | E9: Green | F9: Repeat | G9: East | H9: 55+ | I9: 3472 | J9: 2956 | K9: 2786 | L9: 241 | M9: 173 | N9: 21 | O9: 393.53 | P9: 25116.74 | Q9: =K9/J9 -> 0.94248985 | R9: =L9/K9 -> 0.086503948 | S9: =M9/L9 -> 0.71784232 | T9: =N9/M9 -> 0.12138728 | U9: =N9/K9 -> 0.0075376884 | V9: =O9/M9 -> 2.2747399 | W9: =O9/L9 -> 1.6329046 | X9: =(P9-O9)/O9 -> 62.824207
A10: 46024 | B10: CMP202601068 | C10: CUST101201 | D10: WhatsApp | E10: Red Saleable | F10: Repeat | G10: East | H10: 18-24 | I10: 4096 | J10: 3316 | K10: 3040 | L10: 139 | M10: 83 | N10: 3 | O10: 504.37 | P10: 2307.52 | Q10: =K10/J10 -> 0.91676719 | R10: =L10/K10 -> 0.045723684 | S10: =M10/L10 -> 0.5971223 | T10: =N10/M10 -> 0.036144578 | U10: =N10/K10 -> 0.00098684211 | V10: =O10/M10 -> 6.076747 | W10: =O10/L10 -> 3.6285612 | X10: =(P10-O10)/O10 -> 3.575054
A11: 46024 | B11: CMP202601069 | C11: CUST100575 | D11: Email | E11: Red Non-Saleable | F11: Fresh | G11: South | H11: 45-54 | I11: 3059 | J11: 2392 | K11: 2179 | L11: 7 | M11: 3 | N11: 0 | O11: 197.02 | P11: 0 | Q11: =K11/J11 -> 0.91095318 | R11: =L11/K11 -> 0.0032124828 | S11: =M11/L11 -> 0.42857143 | T11: =N11/M11 -> 0 | U11: =N11/K11 -> 0 | V11: =O11/M11 -> 65.673333 | W11: =O11/L11 -> 28.145714 | X11: =(P11-O11)/O11 -> -1
A12: 46024 | B12: CMP202601070 | C12: CUST100507 | D12: SMS | E12: Amber | F12: Repeat | G12: South | H12: 45-54 | I12: 4584 | J12: 3625 | K12: 3509 | L12: 198 | M12: 97 | N12: 7 | O12: 705.8 | P12: 7725.44 | Q12: =K12/J12 -> 0.968 | R12: =L12/K12 -> 0.056426332 | S12: =M12/L12 -> 0.48989899 | T12: =N12/M12 -> 0.072164948 | U12: =N12/K12 -> 0.0019948703 | V12: =O12/M12 -> 7.2762887 | W12: =O12/L12 -> 3.5646465 | X12: =(P12-O12)/O12 -> 9.9456503
A13: 46025 | B13: CMP202601009 | C13: CUST100728 | D13: WhatsApp | E13: Amber | F13: Repeat | G13: Central | H13: 45-54 | I13: 1239 | J13: 1189 | K13: 1125 | L13: 83 | M13: 47 | N13: 3 | O13: 204.99 | P13: 3628.58 | Q13: =K13/J13 -> 0.94617325 | R13: =L13/K13 -> 0.073777778 | S13: =M13/L13 -> 0.56626506 | T13: =N13/M13 -> 0.063829787 | U13: =N13/K13 -> 0.0026666667 | V13: =O13/M13 -> 4.3614894 | W13: =O13/L13 -> 2.469759 | X13: =(P13-O13)/O13 -> 16.701254
... A1501: 46265 | B1501: CMP202608071 | C1501: CUST100319 | D1501: Email | E1501: Amber | F1501: Fresh | G1501: North | H1501: 25-34 | I1501: 4965 | J1501: 4663 | K1501: 4366 | L1501: 248 | M1501: 106 | N1501: 6 | O1501: 386.89 | P1501: 8022.05 | Q1501: =K1501/J1501 -> 0.9363071 | R1501: =L1501/K1501 -> 0.056802565 | S1501: =M1501/L1501 -> 0.42741935 | T1501: =N1501/M1501 -> 0.056603774 | U1501: =N1501/K1501 -> 0.0013742556 | V1501: =O1501/M1501 -> 3.6499057 | W1501: =O1501/L1501 -> 1.5600403 | X1501: =(P1501-O1501)/O1501 -> 19.734705

Sheet Project_Guide
A1: Project Item | B1: Details
A2: Dataset | B2: Synthetic fintech campaign dataset created specifically for this portfolio project.
A3: Goal | B3: Analyze campaign effectiveness, customer segments, conversion performance and revenue.
A4: Primary Analysis | B4: Compare Channel, Segment, Customer Type, Region and monthly performance.
A5: KPIs | B5: Delivery %, CTR %, CTC %, Login Rate, Yield %, Conversion Rate, CPL, CPC, Spend and Revenue.
A6: Dashboard | B6: Build an executive-style dashboard with KPI cards, trends, channel/segment comparisons and key insights.
A7: Business Questions | B7: Which channels perform best? Which segments drive conversions? Fresh vs Repeat? Where is spend efficient? How can revenue be improved?
A8: Important | B8: Synthetic portfolio data only; it is not real company data and is unrelated to any previous files you provided.
